昵称,微博数,关注数,粉丝数
乖乖与臭臭的妈,46024,443,400908
八卦兔JadeCw,7278,1909,298960
百合雨儿,2199,901,43199
_慧绘美食记_,978,127,143763
日食记,2004,265,9558451
女侠森森,2233,248,244850
Amanda的小厨房,2544,344,2408631
食帖,3552,193,1361444
皓妈玟玟,8492,770,60941
Nicole的生活书,11463,1309,3111322
堂妈小厨,4046,126,599048
Tinrry甜悦,1492,454,697319
乖乖与臭臭的妈,46089,444,402765
八卦兔JadeCw,7284,1909,300869
百合雨儿,2206,903,43502
_慧绘美食记_,980,130,144704
日食记,2005,265,9570353
女侠森森,2233,248,244890
乖乖与臭臭的妈,46089,444,402772
八卦兔JadeCw,7284,1909,300875
百合雨儿,2206,903,43504
_慧绘美食记_,980,130,144709
日食记,2005,265,9570380
乖乖与臭臭的妈,46089,444,402782
八卦兔JadeCw,7284,1909,300882
百合雨儿,2206,903,43505
_慧绘美食记_,980,130,144710
日食记,2005,265,9570406
女侠森森,2233,248,244891
Amanda的小厨房,2546,344,2412387
食帖,3557,191,1365879
皓妈玟玟,8496,769,61247
Nicole的生活书,11472,1310,3111045
堂妈小厨,4055,129,605381
Tinrry甜悦,1494,454,697921
八卦兔JadeCw,7311,1914,303770
百合雨儿,2211,903,43648
_慧绘美食记_,982,130,145841
日食记,2007,265,9594494
女侠森森,2233,248,244989
Amanda的小厨房,2548,344,2415747
食帖,3564,192,1370608
皓妈玟玟,8503,767,61592
Nicole的生活书,11480,1311,3109724
堂妈小厨,4069,129,613539
Tinrry甜悦,1498,454,698850
八卦兔JadeCw,7332,1921,307449
百合雨儿,2221,903,43906
_慧绘美食记_,989,125,147087
日食记,2013,266,9678797
女侠森森,2233,248,245072
八卦兔JadeCw,7332,1921,307453
百合雨儿,2221,903,43907
_慧绘美食记_,989,125,147087
日食记,2013,266,9678837
女侠森森,2233,248,245071
八卦兔JadeCw,7332,1921,307462
百合雨儿,2221,903,43914
_慧绘美食记_,989,125,147097
日食记,2013,266,9678944
女侠森森,2233,248,245070
Amanda的小厨房,2560,344,2423946
八卦兔JadeCw,7332,1921,307464
百合雨儿,2221,903,43913
_慧绘美食记_,989,125,147098
日食记,2013,266,9678964
女侠森森,2233,248,245070
食帖,3583,196,1379878
皓妈玟玟,8520,766,62349
Nicole的生活书,11498,1311,3107988
堂妈小厨,4126,129,630390
Tinrry甜悦,1499,456,699853
Amanda的小厨房,2560,344,2423954
Amanda的小厨房,2561,344,2423967
八卦兔JadeCw,7342,1921,308584
百合雨儿,2225,903,44012
_慧绘美食记_,990,124,148006
日食记,2015,266,9695423
女侠森森,2233,249,245096
食帖,3589,196,1382868
皓妈玟玟,8519,766,62517
Nicole的生活书,11505,1311,3108289
堂妈小厨,4136,129,634074
Tinrry甜悦,1501,457,700377
Amanda的小厨房,2562,343,2426010
八卦兔JadeCw,7351,1924,309791
百合雨儿,2226,902,44101
_慧绘美食记_,993,127,148462
日食记,2020,266,9739825
女侠森森,2233,249,245095
食帖,3596,197,1386114
皓妈玟玟,8525,766,62671
Nicole的生活书,11507,1312,3107720
堂妈小厨,4151,129,641462
Tinrry甜悦,1501,457,700727
Amanda的小厨房,2563,343,2457665
八卦兔JadeCw,7361,1924,311625
百合雨儿,2234,902,44275
_慧绘美食记_,990,128,149621
日食记,2023,266,9777011
女侠森森,2233,249,245136
食帖,3601,197,1392268
皓妈玟玟,8531,766,62878
Nicole的生活书,11512,1312,3106940
堂妈小厨,4169,129,653888
Tinrry甜悦,1501,457,701182
Amanda的小厨房,2566,343,2475219
八卦兔JadeCw,7393,1929,315753
百合雨儿,2267,903,45102
_慧绘美食记_,995,128,151175
日食记,2035,268,9834947
八卦兔JadeCw,7393,1929,315759
百合雨儿,2267,903,45101
_慧绘美食记_,995,128,151175
日食记,2035,268,9834985
女侠森森,2249,251,245360
食帖,3620,202,1404499
皓妈玟玟,8542,764,63172
Nicole的生活书,11521,1312,3105366
堂妈小厨,4207,129,677124
Tinrry甜悦,1505,457,703143
Amanda的小厨房,2574,343,2482660
八卦兔JadeCw,7429,1929,320290
百合雨儿,2275,904,45341
_慧绘美食记_,1000,128,152317
日食记,2044,275,9880438
女侠森森,2251,251,245636
食帖,3638,205,1414453
皓妈玟玟,8546,761,63318
Nicole的生活书,11540,1312,3104413
堂妈小厨,4235,129,694601
Tinrry甜悦,1507,458,704655
Amanda的小厨房,2584,343,2489700
八卦兔JadeCw,7437,1929,321805
百合雨儿,2280,905,45521
_慧绘美食记_,997,127,155534
日食记,2050,275,9912792
女侠森森,2250,251,245742
八卦兔JadeCw,7437,1929,321819
八卦兔JadeCw,7437,1929,321819
八卦兔JadeCw,7437,1929,321840
百合雨儿,2280,905,45529
_慧绘美食记_,997,127,155873
日食记,2050,275,9915393
女侠森森,2250,251,245746
食帖,3644,205,1423185
皓妈玟玟,8559,762,63421
Nicole的生活书,11542,1312,3104254
堂妈小厨,4236,129,696767
Tinrry甜悦,1507,458,705024
Amanda的小厨房,2583,343,2490858
八卦兔JadeCw,7465,1935,327700
百合雨儿,2290,905,46292
_慧绘美食记_,1000,129,163622
日食记,2063,280,9957956
女侠森森,2250,252,246169
食帖,3667,206,1488221
皓妈玟玟,8582,760,64574
Nicole的生活书,11555,1314,3105734
堂妈小厨,4277,129,721036
Tinrry甜悦,1510,457,706398
Amanda的小厨房,2591,343,2504972
八卦兔JadeCw,7495,1945,328863
八卦兔JadeCw,7495,1945,328865
百合雨儿,2300,905,46523
_慧绘美食记_,1005,129,165056
日食记,2067,281,9976648
八卦兔JadeCw,7495,1945,328864
百合雨儿,2300,905,46523
_慧绘美食记_,1005,129,165062
日食记,2067,281,9976654
女侠森森,2249,252,246404
食帖,3681,212,1513153
皓妈玟玟,8595,758,65573
Nicole的生活书,11571,1316,3106458
堂妈小厨,4298,129,749844
Tinrry甜悦,1511,457,708244
Amanda的小厨房,2596,343,2509841
八卦兔JadeCw,7551,1951,332100
百合雨儿,2317,909,47095
_慧绘美食记_,1017,128,172769
日食记,2095,286,10218103
女侠森森,2247,252,247009
食帖,3706,215,1533099
皓妈玟玟,8627,757,70832
Nicole的生活书,11631,1328,3110896
堂妈小厨,4371,129,791264
Tinrry甜悦,1515,456,715993
Amanda的小厨房,2604,343,2574680
八卦兔JadeCw,7581,1948,333842
